{
  "FlexAction": {
    "time": 2.6941299438476562e-05,
    "best_perf": 210.76928812201064,
    "latency_ms": 4.7445242564045556,
    "gflops": 7.0722437459784135,
    "convergence": [
      98.9787239083768,
      132.65181084727362,
      165.73360273534962,
      194.02386635883752,
      210.76928812201064
    ]
  },
  "CGA": {
    "time": 1.1444091796875e-05,
    "best_perf": 186.0518673030453,
    "latency_ms": 5.3748452756519685,
    "gflops": 6.242864729893057,
    "convergence": [
      114.92432263337068,
      120.76115071273544,
      129.26436709299946,
      166.37934844660845,
      186.0518673030453
    ]
  },
  "Random": {
    "time": 6.9141387939453125e-06,
    "best_perf": 152.36869476495883,
    "latency_ms": 6.56302793393736,
    "gflops": 5.112645007419567,
    "convergence": [
      114.12730126527279,
      123.17274211161588,
      131.34683041088022,
      139.13766810342884,
      152.36869476495883
    ]
  }
}